DataSet,PubID,TrialID,VarName,VarValue,VarUnits
NRC2019,1,1,Availability,"Not published",-
NRC2019,2,1,Availability,"Not published",-
NRC2019,3,1,Availability,"Not published",-
NRC2019,4,1,Availability,"Not published",-
NRC2019,5,1,Availability,"Not published",-
NRC2019,6,1,Availability,"Not published",-
NRC2019,7,1,Availability,"Not published",-
NRC2019,8,1,Availability,"Not published",-
NRC2019,9,1,Availability,"Not published",-
NRC2019,10,1,Availability,"Not published",-
NRC2019,11,1,Availability,"Not published",-
NRC2019,12,1,Availability,"Not published",-
NRC2019,13,1,Availability,"Not published",-
NRC2019,14,1,Availability,"Not published",-
NRC2019,15,1,Availability,"Not published",-
NRC2019,16,1,Availability,"Not published",-
NRC2019,17,1,Availability,"Not published",-
NRC2019,18,1,Availability,"Not published",-
NRC2019,19,1,Availability,"Not published",-
NRC2019,20,1,Availability,"Not published",-
NRC2019,21,1,Availability,"Not published",-
NRC2019,22,1,Availability,"Not published",-
NRC2019,23,1,Availability,"Not published",-
NRC2019,24,1,Availability,"Not published",-
NRC2019,25,1,Availability,"Not published",-
NRC2019,26,1,Availability,"Not published",-
NRC2019,27,1,Availability,"Not published",-
NRC2019,28,1,Availability,"Not published",-
NRC2019,29,1,Availability,"Not published",-
NRC2019,30,1,Availability,"Not published",-
NRC2019,31,1,Availability,"Not published",-
NRC2019,32,1,Availability,"Not published",-
NRC2019,33,1,Availability,"Not published",-
NRC2019,34,1,Availability,"Not published",-
NRC2019,35,1,Availability,"Not published",-
NRC2019,36,1,Availability,"Not published",-
NRC2019,37,1,Availability,"Not published",-
NRC2019,38,1,Availability,"Not published",-
NRC2019,39,1,Availability,"Not published",-
NRC2019,40,1,Availability,"Not published",-
NRC2019,41,1,Availability,"Not published",-
NRC2019,42,1,Availability,"Not published",-
NRC2019,43,1,Availability,"Not published",-
NRC2019,44,1,Availability,"Not published",-
NRC2019,45,1,Availability,"Not published",-
NRC2019,46,1,Availability,"Not published",-
NRC2019,47,1,Availability,"Not published",-
NRC2019,48,1,Availability,"Not published",-
NRC2019,49,1,Availability,"Not published",-
NRC2019,50,1,Availability,"Not published",-
NRC2019,51,1,Availability,"Not published",-
NRC2019,52,1,Availability,"Not published",-
NRC2019,53,1,Availability,"Not published",-
NRC2019,54,1,Availability,"Not published",-
NRC2019,55,1,Availability,"Not published",-
NRC2019,56,1,Availability,"Not published",-
NRC2019,57,1,Availability,"Not published",-
NRC2019,58,1,Availability,"Not published",-
NRC2019,59,1,Availability,"Not published",-
NRC2019,60,1,Availability,"Not published",-
NRC2019,61,1,Availability,"Not published",-
NRC2019,62,1,Availability,"Not published",-
NRC2019,63,1,Availability,"Not published",-
NRC2019,64,1,Availability,"Not published",-
NRC2019,65,1,Availability,"Not published",-
NRC2019,66,1,Availability,"Not published",-
NRC2019,67,1,Availability,"Not published",-
NRC2019,68,1,Availability,"Not published",-
NRC2019,69,1,Availability,"Not published",-
NRC2019,70,1,Availability,"Not published",-
NRC2019,71,1,Availability,"Not published",-
NRC2019,72,1,Availability,"Not published",-
NRC2019,73,1,Availability,"Not published",-
NRC2019,74,1,Availability,"Not published",-
NRC2019,75,1,Availability,"Not published",-
NRC2019,76,1,Availability,"Not published",-
NRC2019,77,1,Availability,"Not published",-
NRC2019,78,1,Availability,"Not published",-
NRC2019,79,1,Availability,"Not published",-
NRC2019,80,1,Availability,"Not published",-
NRC2019,81,1,Availability,"Not published",-
NRC2019,82,1,Availability,"Not published",-
NRC2019,83,1,Availability,"Not published",-
NRC2019,84,1,Availability,"Not published",-
NRC2019,85,1,Availability,"Not published",-
NRC2019,86,1,Availability,"Not published",-
NRC2019,87,1,Availability,"Not published",-
NRC2019,88,1,Availability,"Not published",-
NRC2019,89,1,Availability,"Not published",-
NRC2019,90,1,Availability,"Not published",-
NRC2019,91,1,Availability,"Not published",-
NRC2019,92,1,Availability,"Not published",-
NRC2019,93,1,Availability,"Not published",-
NRC2019,94,1,Availability,"Not published",-
NRC2019,100,1,Availability,"Not published",-
NRC2019,102,1,Availability,"Not published",-
NRC2019,103,1,Availability,"Not published",-
NRC2019,104,1,Availability,"Not published",-
NRC2019,105,1,Availability,"Not published",-
NRC2019,106,1,Availability,"Not published",-
NRC2019,107,1,Availability,"Not published",-
NRC2019,108,1,Availability,"Not published",-
NRC2019,109,1,Availability,"Not published",-
NRC2019,110,1,Availability,"Not published",-
NRC2019,111,1,Availability,"Not published",-
NRC2019,112,1,Availability,"Not published",-
NRC2019,113,1,Availability,"Not published",-
NRC2019,114,1,Availability,"Not published",-
NRC2019,115,1,Availability,"Not published",-
NRC2019,116,1,Availability,"Not published",-
NRC2019,117,1,Availability,"Not published",-
NRC2019,118,1,Availability,"Not published",-
NRC2019,119,1,Availability,"Not published",-
NRC2019,120,1,Availability,"Not published",-
NRC2019,125,1,Availability,"Not published",-
NRC2019,126,1,Availability,"Not published",-
NRC2019,128,1,Availability,"Not published",-
NRC2019,129,1,Availability,"Not published",-
NRC2019,131,1,Availability,"Not published",-
NRC2019,132,1,Availability,"Not published",-
NRC2019,133,1,Availability,"Not published",-
NRC2019,134,1,Availability,"Not published",-
NRC2019,135,1,Availability,"Not published",-
NRC2019,136,1,Availability,"Not published",-
NRC2019,139,1,Availability,"Not published",-
NRC2019,140,1,Availability,"Not published",-
NRC2019,141,1,Availability,"Not published",-
NRC2019,143,1,Availability,"Not published",-
NRC2019,145,1,Availability,"Not published",-
NRC2019,147,1,Availability,"Not published",-
NRC2019,148,1,Availability,"Not published",-
NRC2019,149,1,Availability,"Not published",-
NRC2019,150,1,Availability,"Not published",-
NRC2019,152,1,Availability,"Not published",-
NRC2019,153,1,Availability,"Not published",-
NRC2019,156,1,Availability,"Not published",-
NRC2019,157,1,Availability,"Not published",-
NRC2019,158,1,Availability,"Not published",-
NRC2019,159,1,Availability,"Not published",-
NRC2019,160,1,Availability,"Not published",-
NRC2019,161,1,Availability,"Not published",-
NRC2019,163,1,Availability,"Not published",-
NRC2019,164,1,Availability,"Not published",-
NRC2019,165,1,Availability,"Not published",-
NRC2019,166,1,Availability,"Not published",-
NRC2019,167,1,Availability,"Not published",-
NRC2019,168,1,Availability,"Not published",-
NRC2019,169,1,Availability,"Not published",-
NRC2019,170,1,Availability,"Not published",-
NRC2019,171,1,Availability,"Not published",-
NRC2019,172,1,Availability,"Not published",-
NRC2019,173,1,Availability,"Not published",-
NRC2019,174,1,Availability,"Not published",-
NRC2019,175,1,Availability,"Not published",-
NRC2019,176,1,Availability,"Not published",-
NRC2019,177,1,Availability,"Not published",-
NRC2019,178,1,Availability,"Not published",-
NRC2019,179,1,Availability,"Not published",-
NRC2019,180,1,Availability,"Not published",-
NRC2019,181,1,Availability,"Not published",-
NRC2019,182,1,Availability,"Not published",-
NRC2019,183,1,Availability,"Not published",-
NRC2019,184,1,Availability,"Not published",-
NRC2019,185,1,Availability,"Not published",-
NRC2019,186,1,Availability,"Not published",-
NRC2019,187,1,Availability,"Not published",-
NRC2019,188,1,Availability,"Not published",-
NRC2019,189,1,Availability,"Not published",-
NRC2019,190,1,Availability,"Not published",-
NRC2019,191,1,Availability,"Not published",-
NRC2019,192,1,Availability,"Not published",-
NRC2019,193,1,Availability,"Not published",-
NRC2019,194,1,Availability,"Not published",-
NRC2019,195,1,Availability,"Not published",-
NRC2019,196,1,Availability,"Not published",-
NRC2019,197,1,Availability,"Not published",-
NRC2019,198,1,Availability,"Not published",-
NRC2019,199,1,Availability,"Not published",-
NRC2019,200,1,Availability,"Not published",-
NRC2019,201,1,Availability,"Not published",-
NRC2019,202,1,Availability,"Not published",-
NRC2019,203,1,Availability,"Not published",-
NRC2019,205,1,Availability,"Not published",-
NRC2019,206,1,Availability,"Not published",-
NRC2019,207,1,Availability,"Not published",-
NRC2019,208,1,Availability,"Not published",-
NRC2019,209,1,Availability,"Not published",-
NRC2019,301,1,Availability,"Not published",-
NRC2019,302,1,Availability,"Not published",-
NRC2019,304,1,Availability,"Not published",-
NRC2019,305,1,Availability,"Not published",-
NRC2019,306,1,Availability,"Not published",-
NRC2019,307,1,Availability,"Not published",-
NRC2019,308,1,Availability,"Not published",-
NRC2019,309,1,Availability,"Not published",-
NRC2019,310,1,Availability,"Not published",-
NRC2019,311,1,Availability,"Not published",-
NRC2019,312,1,Availability,"Not published",-
NRC2019,313,1,Availability,"Not published",-
NRC2019,314,1,Availability,"Not published",-
NRC2019,315,1,Availability,"Not published",-
NRC2019,316,1,Availability,"Not published",-
NRC2019,317,1,Availability,"Not published",-
NRC2019,318,1,Availability,"Not published",-
NRC2019,319,1,Availability,"Not published",-
NRC2019,320,1,Availability,"Not published",-
NRC2019,321,1,Availability,"Not published",-
NRC2019,322,1,Availability,"Not published",-
NRC2019,323,1,Availability,"Not published",-
NRC2019,324,1,Availability,"Not published",-
NRC2019,325,1,Availability,"Not published",-
NRC2019,328,1,Availability,"Not published",-
NRC2019,329,1,Availability,"Not published",-
NRC2019,330,1,Availability,"Not published",-
NRC2019,331,1,Availability,"Not published",-
NRC2019,332,1,Availability,"Not published",-
NRC2019,333,1,Availability,"Not published",-
NRC2019,334,1,Availability,"Not published",-
NRC2019,335,1,Availability,"Not published",-
NRC2019,350,1,Availability,"Not published",-
NRC2019,351,1,Availability,"Not published",-
NRC2019,352,1,Availability,"Not published",-
NRC2019,353,1,Availability,"Not published",-
NRC2019,354,1,Availability,"Not published",-
NRC2019,355,1,Availability,"Not published",-
NRC2019,356,1,Availability,"Not published",-
NRC2019,357,1,Availability,"Not published",-
NRC2019,358,1,Availability,"Not published",-
NRC2019,359,1,Availability,"Not published",-
NRC2019,360,1,Availability,"Not published",-
NRC2019,361,1,Availability,"Not published",-
NRC2019,362,1,Availability,"Not published",-
NRC2019,363,1,Availability,"Not published",-
NRC2019,364,1,Availability,"Not published",-
NRC2019,365,1,Availability,"Not published",-
NRC2019,366,1,Availability,"Not published",-
NRC2019,367,1,Availability,"Not published",-
NRC2019,368,1,Availability,"Not published",-
NRC2019,369,1,Availability,"Not published",-
NRC2019,370,1,Availability,"Not published",-
NRC2019,371,1,Availability,"Not published",-
NRC2019,372,1,Availability,"Not published",-
NRC2019,373,1,Availability,"Not published",-
NRC2019,374,1,Availability,"Not published",-
NRC2019,375,1,Availability,"Not published",-
NRC2019,376,1,Availability,"Not published",-
NRC2019,377,1,Availability,"Not published",-
NRC2019,378,1,Availability,"Not published",-
NRC2019,379,1,Availability,"Not published",-
NRC2019,380,1,Availability,"Not published",-
NRC2019,381,1,Availability,"Not published",-
NRC2019,382,1,Availability,"Not published",-
NRC2019,383,1,Availability,"Not published",-
NRC2019,384,1,Availability,"Not published",-
NRC2019,385,1,Availability,"Not published",-
NRC2019,386,1,Availability,"Not published",-
NRC2019,387,1,Availability,"Not published",-
NRC2019,388,1,Availability,"Not published",-
NRC2019,1000,1,Availability,"Not published",-
NRC2019,389,1,Availability,"Not published",-
NRC2019,2000,1,Availability,"Not published",-
NRC2019,390,1,Availability,"Not published",-
NRC2019,391,1,Availability,"Not published",-
NRC2019,3000,1,Availability,"Not published",-
NRC2019,1,1,Reference,"McCarthy et al., 1989.   JDS 72:  2002-2016",-
NRC2019,2,1,Reference,"Klusmeyer et al., 1990.  JDS 73:  3526-3537",-
NRC2019,3,1,Reference,"Cameron et al., 1991.  JDS 74:  1321-1336",-
NRC2019,4,1,Reference,"Klusmeyer et al., 1991.  JDS 74:  2206-2219",-
NRC2019,5,1,Reference,"Klusmeyer et al., 1991.  JDS 74:  2220-2232",-
NRC2019,6,1,Reference,"Lynch et al., 1991.  JDS 74:  3117-3127",-
NRC2019,7,1,Reference,"Christensen et al., 1993.  JDS 76:  3497-3513",-
NRC2019,8,1,Reference,"Overton et al., 1995.  JDS 78:  1981-1998",-
NRC2019,9,1,Reference,"Christensen et al., 1996.  JDS 79:  1410-1424",-
NRC2019,10,1,Reference,"Lykos et al., 1997.  JDS 80:  3341-3355",-
NRC2019,11,1,Reference,"Zhu et al., 1997.  JDS 80:  2901-2906",-
NRC2019,12,1,Reference,"Mabjeesh et al., 1997.  JDS 80:  2939-2949",-
NRC2019,13,1,Reference,"Omara et al., 1997.  JDS 80:  2466-2474",-
NRC2019,14,1,Reference,"Yang et al., 1997.  JDS 80:  2475-2486",-
NRC2019,15,1,Reference,"Joy et al., 1997.  JDS 80:  2087-2097",-
NRC2019,16,1,Reference,"Kalscheur et al., 1997.  JDS 80:  2104-2114",-
NRC2019,17,1,Reference,"Kalscheur et al., 1997.  JDS 80:  2115-2126",-
NRC2019,18,1,Reference,"Pires et al., 1997.  JDS 80:  1685-1694",-
NRC2019,19,1,Reference,"Stensig and Robinson, 1997.  JDS 80:  1339-1352",-
NRC2019,20,1,Reference,"Blauwiekel et al., 1997.  JDS 80:  1358-1365",-
NRC2019,21,1,Reference,"Espindola et al., 1997.  JDS 80:  1160-1171",-
NRC2019,22,1,Reference,"Putnam et al., 1997.  JDS 80:  374-384",-
NRC2019,23,1,Reference,"Chan et al., 1997.  JDS 80:  152-159",-
NRC2019,24,1,Reference,"Mabjeesh et al., 1996.  JDS 79:  1792-1801",-
NRC2019,25,1,Reference,"Khorasani et al., 1996.  JDS 79:  862-872",-
NRC2019,26,1,Reference,"Cunningham et al., 1996.  JDS 79:  620",-
NRC2019,27,1,Reference,"Yoon and Stern, 1996.  JDS 79:  411-417",-
NRC2019,28,1,Reference,"Pantoja et al., 1995.  JDS 78:  2247-2258",-
NRC2019,29,1,Reference,"Calsamiglia et al., 1995.  JDS 78:  1999-2007",-
NRC2019,30,1,Reference,"Oliveira et al., 1995.  JDS 78:  1318-1327",-
NRC2019,31,1,Reference,"Erasmus et al., 1994.",-
NRC2019,32,1,Reference,"Cunningham et al., 1994.  JDS 77:  3666-3675",-
NRC2019,33,1,Reference,"Holden et al., 1994.  JDS 77:  2580-2594",-
NRC2019,34,1,Reference,"Benchaar et al., 1994.  JDS 77:  1360-1371",-
NRC2019,35,1,Reference,"Weisbjerg, Borsting, and Hvelplund (1991)",-
NRC2019,36,1,Reference,"Benchaar, Moncoulon, Bayourthe, and Vernay (1994)",-
NRC2019,37,1,Reference,"Murphy, Uden, Palmquist, and Wiktorsson (1987)",-
NRC2019,38,1,Reference,"Sarwar, Firkins, and Eastridge (1991)",-
NRC2019,39,1,Reference,"Doreau, LeGay, and Bauchart (1991)",-
NRC2019,40,1,Reference,"Ohajuruka, Wu, and Palmquist (1991)",-
NRC2019,41,1,Reference,"Robinson, DeBoer, and Kennelly (1991)",-
NRC2019,42,1,Reference,"Teller, VanBelle, Foulon, Collignon, and Matau(1992)",-
NRC2019,43,1,Reference,"Van Vuuren, Krol-Kramer, Van Der Lee, and Corbijn (1992) - inadequate diet descrption",-
NRC2019,44,1,Reference,"Seymour, Polan, and Herbein (1992)",-
NRC2019,45,1,Reference,"Erasmus, Botha, and Kistner (1992)",-
NRC2019,46,1,Reference,"Schwab, Bozak, Whitehouse, and Mesbah (1992)",-
NRC2019,47,1,Reference,"Tice, Eastridge, and Firkins (1993)",-
NRC2019,48,1,Reference,"Aldrich, Muller, Varga, and Griel (1993)",-
NRC2019,49,1,Reference,"Feng, Hoover, Miller, and Blauwiekel (1993)",-
NRC2019,50,1,Reference,"Palmquist, Weisbjerg, and Hvelplund (1993)",-
NRC2019,51,1,Reference,"Poore, Moore, Eck, Swingle, and Theurer (1993)",-
NRC2019,52,1,Reference,"Cunningham, Cecava, and Johnson (1993)",-
NRC2019,53,1,Reference,"Robinson, Khorasani, and Kennelly (1993)",-
NRC2019,54,1,Reference,"Arieli, Mabjeesh, Tagari, Bruckental, and Zamwell (1992)",-
NRC2019,55,1,Reference,"Benchaar, Bayourthe, Moncoulon, and Vernay (1991)",-
NRC2019,56,1,Reference,"Price et al., 1988 jds 71:727",-
NRC2019,57,1,Reference,"Robinson, Kennelly 1990 JDS 73:3147",-
NRC2019,58,1,Reference,"Horner et al., 1988 JDS 71:1239",-
NRC2019,59,1,Reference,"Tamminga, 1981 Neth J Agric Sci. 29:273, no diet description",-
NRC2019,60,1,Reference,"Tamminga, 1981 Neth J Agric Sci. 29:273, no diet description",-
NRC2019,61,1,Reference,"Tamminga, 1981 Neth J Agric Sci. 29:273, no diet description",-
NRC2019,62,1,Reference,"Moller (1985)",-
NRC2019,63,1,Reference,"Madsen (1986)",-
NRC2019,64,1,Reference,"Oldham, Sutton, and Mcallan (1979)",-
NRC2019,65,1,Reference,"Rode, Weakley, and Satter (1985)",-
NRC2019,66,1,Reference,"Robinson, Sniffen, and Van Soest (1985)",-
NRC2019,67,1,Reference,"Rode, and Satter (1988), can't reconstruct diets from description",-
NRC2019,68,1,Reference,"Stern, Rode, Prange, Stauffacher, and Satter (1983)",-
NRC2019,69,1,Reference,"Santos, Stern, and Satter (1984)",-
NRC2019,70,1,Reference,"Pena,Tagari, and Satter (1986)",-
NRC2019,71,1,Reference,"Merchen, and Satter (1983)",-
NRC2019,72,1,Reference,"Kung, Huber, and Satter (1983)",-
NRC2019,73,1,Reference,"Prange, Stern, Jorgensen, and Satter (1984)",-
NRC2019,74,1,Reference,"Stern, Santos, and Satter (1985)",-
NRC2019,75,1,Reference,"Robinson, and Sniffen (1985)",-
NRC2019,76,1,Reference,"Armentano, Harrington, Polan, Moe, Herbein, and Umstadt (1986)",-
NRC2019,77,1,Reference,"Lu, Jorgensen, and Satter (1987)",-
NRC2019,78,1,Reference,"Zerbini, Polan, and Herbein (1988)",-
NRC2019,79,1,Reference,"Windschitl, and Stern (1988)",-
NRC2019,80,1,Reference,"Waltz, Stern, and Illg (1989)",-
NRC2019,81,1,Reference,"Narasimhalu, Teller, Vanbelle, Foulon, and Dasnoy",-
NRC2019,82,1,Reference,"Song, and Kennelly (1989)",-
NRC2019,83,1,Reference,"Herrera-Saldana, Gomez-Alacron, Torabi, and Huber (1990)",-
NRC2019,84,1,Reference,"King, Huber, Sadik, Bergen, Grant, and King (1990)",-
NRC2019,85,1,Reference,"Stokes, Hoover, Miller, and Blauweikel (1991)",-
NRC2019,86,1,Reference,"Schwab, Bozak, Whitehouse, and Olson (1992)",-
NRC2019,87,1,Reference,"Mansfield, and Stern (1993)",-
NRC2019,88,1,Reference,"Pantoja, Firkins, Eastridge, and Hull (1994)",-
NRC2019,89,1,Reference,"Robinson, Gill, and Kennelly (1996)",-
NRC2019,90,1,Reference,"Cunningham, Cecava, and Johnson (1994)",-
NRC2019,91,1,Reference,"Tamminga, Van Der Koelen, and Van Vuuren (1979)",-
NRC2019,92,1,Reference,"Gromez-Alarcon et al. 1990 JDS 73:703",-
NRC2019,93,1,Reference,"Gromez-Alarcon et al. 1990 JDS 73:703",-
NRC2019,94,1,Reference,"Gromez-Alarcon et al. 1990 JDS 73:703",-
NRC2019,100,1,Reference,"Voelker Linton, J. A., & Allen, M. S. (2008).",-
NRC2019,102,1,Reference,"Mutsvangwa, T., Hobin, M. R., & Gozho, G. N. (2012).  J Dairy Sci, 95(10), 5961-5977.",-
NRC2019,103,1,Reference,"Ahvenjarvi, S., Aila Vanhatalo, and, P. H., & Varvikko, T. (1999).",-
NRC2019,104,1,Reference,"Ahvenjarvi, S., Vanhatalo, A., & Huhtanen, P. (2002).",-
NRC2019,105,1,Reference,"Chibisa, G. E., & Mutsvangwa, T. (2013).",-
NRC2019,106,1,Reference,"Brito, A. F., Tremblay, G. F., Lapierre, H., Bertrand, A., Castonguay, Y., Belanger, G.,Berthiaume, R. (2009).",-
NRC2019,107,1,Reference,"Broderick, G. A., Luchini, N. D., Reynal, S. M., Varga, G. A., & Ishler, V. A. (2008)",-
NRC2019,108,1,Reference,"Kuoppala, K., Rinne, M., Ahvenjarvi, S., Nousiainen, J., & Huhtanen, P. (2010).",-
NRC2019,109,1,Reference,"Krizsan, S. J., Broderick, G. A., Promkot, C., & Colombini, S. (2012).",-
NRC2019,110,1,Reference,"Halmemies-Beauchet-Filleau, A., Vanhatalo, A., Toivonen, V., Heikkila, T., Lee, M. R., & Shingfield, K. J. (2014).",-
NRC2019,111,1,Reference,"Broderick, G. A., & Reynal, S. M. (2009).",-
NRC2019,112,1,Reference,"Chibisa, G. E., Christensen, D. A., & Mutsvangwa, T. (2012).",-
NRC2019,113,1,Reference,"Faciola, A. P., & Broderick, G. A. (2014).",-
NRC2019,114,1,Reference,"Brito, A. F., Broderick, G. A., & Reynal, S. M. (2007).",-
NRC2019,115,1,Reference,"Brito, A. F., & Broderick, G. A.",-
NRC2019,116,1,Reference,"Ahvenjarvi, S., Joki-Tokola, E., Vanhatalo, A., Jaakkola, S., & Huhtanen, P. (2006).",-
NRC2019,117,1,Reference,"Korhonen, M., Vanhatalo, A., & Huhtanen, P. (2002).",-
NRC2019,118,1,Reference,"Sairanen, A., Khalili, H., Nousiainen, J. I., Ahvenjarvi, S., & Huhtanen, P. (2005).",-
NRC2019,119,1,Reference,"Reynal, S. M., & Broderick, G. A. (2005).",-
NRC2019,120,1,Reference,"Reynal, S. M., & Broderick, G. A. (2003)",-
NRC2019,125,1,Reference,"Voelker, J. A., & Allen, M. S. (2003). 1",-
NRC2019,126,1,Reference,"Voelker, J. A., & Allen, M. S. (2003). 2",-
NRC2019,128,1,Reference,"Oba, M., & Allen, M. S. (2003). (Feeding behavior and productivity)",-
NRC2019,129,1,Reference,"Oba, M., & Allen, M. S. (2003).  (Rum. Digestion kinetics)",-
NRC2019,131,1,Reference,"Qiu, X., Eastridge, M. L., & Firkins, J. L. (2004).",-
NRC2019,132,1,Reference,"Ipharraguerre, I. R., Shabi, Z., Clark, J. H., & Freeman, D. E. (2002).",-
NRC2019,133,1,Reference,"Yang, W. Z., Beauchemin, K. A., & Rode, L. M. (2000).",-
NRC2019,134,1,Reference,"Harvatine, D. I., Firkins, J. L., & Eastridge, M. L. (2002).",-
NRC2019,135,1,Reference,"Plascencia, A., & Zinn, R. A. (1996).",-
NRC2019,136,1,Reference,"Callison, S. L., Firkins, J. L., & Hull, B. L. (1999).",-
NRC2019,139,1,Reference,"Brito, A. F., Broderick, G. A., Colmenero, J. J. O., & Reynal, S. M. (2007).",-
NRC2019,140,1,Reference,"Broderick, G. A., Brito, A. F., & Colmenero, J. J. O. (2007).",-
NRC2019,141,1,Reference,"Brito, A. F., Broderick, G. A., & Reynal, S. M. (2006).",-
NRC2019,143,1,Reference,"Colmenero, J. J. O., & Broderick, G. A. (2006).",-
NRC2019,145,1,Reference,"Choi, C. W., Ahvenjärvi, S., Vanhatalo, A., Toivonen, V., & Huhtanen, P. (2002).",-
NRC2019,147,1,Reference,"Choi, C. W., Vanhatalo, A., Ahvenjärvi, S., & Huhtanen, P. (2002).",-
NRC2019,148,1,Reference,"Reynal, S. M., Ipharraguerre, I. R., Liñeiro, M., Brito, A. F., Broderick, G. A., & Clark, J. H. (2007).",-
NRC2019,149,1,Reference,"Oba, M., & Allen, M. S. (2000). 1",-
NRC2019,150,1,Reference,"Oba, M., & Allen, M. S. (2000).2",-
NRC2019,152,1,Reference,"Fanchone, A., Nozie`re, P., Portelli, J., Duriot, B., Largeau, V., & Doreau, M. (2014).",-
NRC2019,153,1,Reference,"Vanhatalo, A., Kuoppala, K., Ahvenjarvi, S., & Rinne, M. (2009).",-
NRC2019,156,1,Reference,"Volden, H. (1999).",-
NRC2019,157,1,Reference,"Peyraud, J. L., Astigarraga, L., & Faverdin, P. (1997).",-
NRC2019,158,1,Reference,"Jones-Endsley, J. M., Cecava, M. J., & Johnson, T. R. (1997). DMI by indig Ash so excluded",-
NRC2019,159,1,Reference,"Ueda, K., Ferlay, A., Chabrot, J., Loor, J. J., Chilliard, Y., & Doreau, M. (2003).",-
NRC2019,160,1,Reference,"Bernard, J. K., Chandler, P. T., West, J. W., Parks, A. H., Amos, H. A., Froetschel, M. A., & Trammell, D. S. (2004).",-
NRC2019,161,1,Reference,"Ipharraguerre, I. R., Clark, J. H., & Freeman, D. E. (2005). I",-
NRC2019,163,1,Reference,"Robinson, P. H. (1997).",-
NRC2019,164,1,Reference,"Yang, W. Z., & Beauchemin, K. A. (2004).",-
NRC2019,165,1,Reference,"Dewhurst, R. J., Fisher, W. J., Tweed, J. K. S., & Wilkins, R. J. (2003).",-
NRC2019,166,1,Reference,"Dewhurst, R. J., Evans, R. T., Scollan, N. D., Moorby, J. M., Merry, R. J., & Wilkins, R. J. (2003).",-
NRC2019,167,1,Reference,"Ipharraguerre, I. R., Clark, J. H., & Freeman, D. E. (2005).",-
NRC2019,168,1,Reference,"O’Mara, F. P., Murphy, J. J., & Rath, M. (1998).",-
NRC2019,169,1,Reference,"Oldick, B. S., & Firkins, J. L. (2000).",-
NRC2019,170,1,Reference,"Hristov, A. N., & Ropp, J. K. (2003).",-
NRC2019,171,1,Reference,"Knowlton, K. F., Glenn, B. P., & Erdman, R. A. (1998).",-
NRC2019,172,1,Reference,"Beauchemin, K. A., Yang, W. Z., & Rode, L. M. (1999).",-
NRC2019,173,1,Reference,"Yang, W. Z., & Beauchemin, K. A. (2005).",-
NRC2019,174,1,Reference,"González-Ronquillo, M., Balcells, J., Belenguer, A., Castrillo, C., & Mota, M. (2004).",-
NRC2019,175,1,Reference,"Younker, R. S., Winland, S. D., Firkins, J. L., & Hull, B. L. (1998).",-
NRC2019,176,1,Reference,"Van Vuuren, A. M., Klop, A., Van Der Koelen, C. J., & De Visser, H. (1999).",-
NRC2019,177,1,Reference,"Vanhatalo, A., Gaddnas, T., & Heikkila, T. (2006).",-
NRC2019,178,1,Reference,"Hristov, A. N., Basel, C. E., Melgar, A., Foley, A. E., Ropp, J. K., Hunt, C. W., & Tricarico, J. M. (2008).",-
NRC2019,179,1,Reference,"Foley, A. E., Hristov, A. N., Melgar, A., Ropp, J. K., Etter, R. P., Zaman, S., . . . Price, W. J. (2006).",-
NRC2019,180,1,Reference,"Greenfield, T. L., Baldwin Vi, R. L., Erdman, R. A., & McLeod, K. R. (2001).",-
NRC2019,181,1,Reference,"Al-Dehneh, A., Huber, J. T., Wanderley, R., Theurer, C. B., Pessarakli, M., & DeYoung, D. (1997).",-
NRC2019,182,1,Reference,"Reveneau, C., Karnati, S. K. R., Oelker, E. R., & Firkins, J. L. (2012).",-
NRC2019,183,1,Reference,"Noftsger, S., St-Pierre, N. R., & Sylvester, J. T. (2005).",-
NRC2019,184,1,Reference,"Choi, C. W., Vanhatalo, A., & Huhtanen, P. (2002).",-
NRC2019,185,1,Reference,"Korhonen, M., Vanhatalo, A., & Huhtanen, P. (2002).",-
NRC2019,186,1,Reference,"Castillo-Lopez, E., Ramirez Ramirez, H. A., Klopfenstein, T. J., Hostetler, D., Karges, K., Fernando, S. C., & Kononoff, P. J.",-
NRC2019,187,1,Reference,"Ipharraguerre, I. R., Reynal, S. M., Liñeiro, M., Broderick, G. A., & Clark, J. H. (2007).",-
NRC2019,188,1,Reference,"Ahvenjarvi, S., Vanhatalo, A., Huhtanen, P., & Varvikko, T. (2000). Only Duod and Omas.  So diets don’t' match",-
NRC2019,189,1,Reference,"Hristov, A. N., Ropp, J. K., Grandeen, K. L., Abedi, S., Etter, R. P., Melgar, A., & Foley, A. E. (2005).",-
NRC2019,190,1,Reference,"Hristov, A. N., Grandeen, K. L., Ropp, J. K., & McGuire, M. A. (2004).",-
NRC2019,191,1,Reference,"Dewhurst, R. J., Moorby, J. M., Dhanoa, M. S., Evans, R. T., & Fisher, W. J. (2000). ",-
NRC2019,192,1,Reference,"Fatehi, F., Krizsan, S. J., Gidlund, H., & Huhtanen, P. (2015).",-
NRC2019,193,1,Reference,"Hristov, A. N., & Broderick, G. A. (1996).",-
NRC2019,194,1,Reference,"K. L. Kammes and M. S. Allen",-
NRC2019,195,1,Reference,"K. L. Kammes and M. S. Allen",-
NRC2019,196,1,Reference,"K. L. Kammes and M. S. Allen",-
NRC2019,197,1,Reference,"K. L. Kammes , Y. Ying , and M. S. Allen",-
NRC2019,198,1,Reference,"K. L. Kammes , Y. Ying , and M. S. Allen",-
NRC2019,199,1,Reference,"Robinson, P. H., Veira, D. M. and Ivan, M.",-
NRC2019,200,1,Reference,"W. Z. YANG, K. A. BEAUCHEMIN,2 and L. M. RODE",-
NRC2019,201,1,Reference,"W. Z. Yang, K. A. Beauchemin, and L. M. Rode",-
NRC2019,202,1,Reference,"C. C. Taylor and M. S. Allen",-
NRC2019,203,1,Reference,"C. C. Taylor and M. S. Allen",-
NRC2019,205,1,Reference,"M. S. Allen 1 and Y. Ying",-
NRC2019,206,1,Reference,"D. Re´mond,1 J. I. Cabrera-Estrada,1 M. Champion,2 B. Chauveau,1, R. Coudure,3 and C. Poncet1",-
NRC2019,207,1,Reference,"Stensig, Weisbjerg, Hvelplund",-
NRC2019,208,1,Reference,"D. Re´mond,1 J. I. Cabrera-Estrada,1 M. Champion,2 B. Chauveau,1, R. Coudure,3 and C. Poncet1",-
NRC2019,209,1,Reference,"S. M. Fredin , L. F. Ferraretto , M. S. Akins , S. J. Bertics , and R. D. Shaver 1",-
NRC2019,301,1,Reference,"K. J. Harvatine1 and M. S. Allen2",-
NRC2019,302,1,Reference,"K. J. Harvatine1 and M. S. Allen2",-
NRC2019,304,1,Reference,"A. M. van Vuuren1, V. A. Hindle1, A. Klop1 and J. W. Cone2",-
NRC2019,305,1,Reference,"Piantoni et al. 2013. JDS 96: 7143–7154",-
NRC2019,306,1,Reference,"Piantoni et al. 2015. JDS 98: 1938–1949",-
NRC2019,307,1,Reference,"Weisbjerg et al. 1992. AASA: 42: 106-114",-
NRC2019,308,1,Reference,"Rico et al. 2014. JDS 97: 3739–3751",-
NRC2019,309,1,Reference,"Drackley and Elliott 1993. JDS 76:183-196",-
NRC2019,310,1,Reference,"Pantoja et al. 1996. JDS 79: 575-584",-
NRC2019,311,1,Reference,"Wonsil et al., 1994. J. Nutr: 124: 556-565",-
NRC2019,312,1,Reference,"Enjalbert et al.1997. J. D. Research 64: 181-195. No description of grain mix.",-
NRC2019,313,1,Reference,"Elliott et al. 1996 JDS 79:1031-1039",-
NRC2019,314,1,Reference,"Weiss and Wyatt. 2004. JDS 87:1446–1454",-
NRC2019,315,1,Reference,"Drackley et al. 1994. JDS 77:1386-1398",-
NRC2019,316,1,Reference,"Jenkins et al. 1989. JDS 72:2316-2324",-
NRC2019,317,1,Reference,"Palmquist 1991. JDS 74:1354-1360",-
NRC2019,318,1,Reference,"WU et al. 1991. JDS 74:3025-3034",-
NRC2019,319,1,Reference,"Loor et al. 2002. AFST 97: 65-82",-
NRC2019,320,1,Reference,"deSouza et al. 2017. JDS 100: 379–384. loufixedyear",-
NRC2019,321,1,Reference,"Boerman et al. JDS 100: 2729–2738",-
NRC2019,322,1,Reference,"Loor et al. 2004. JDS 87:2472–2485.",-
NRC2019,323,1,Reference,"Simas et al. 1997. JDS 80:2907–2912.",-
NRC2019,324,1,Reference,"Simas et al. 1998 JDS 81:1966–1971",-
NRC2019,325,1,Reference,"Pires et al. 1996. JDS  79, 1603-1610",-
NRC2019,328,1,Reference,"Ruis et al., 2010, JDS 93, 2034-2043",-
NRC2019,329,1,Reference,"Olmos Colmonero and Broderick, 2006, JDS 89, 1704-1712",-
NRC2019,330,1,Reference,Guinard,-
NRC2019,331,1,Reference,Pisulewski,-
NRC2019,332,1,Reference,Vanhatalo,-
NRC2019,333,1,Reference,Varvikko,-
NRC2019,334,1,Reference,Robinson,-
NRC2019,335,1,Reference,Appuhamy,-
NRC2019,350,1,Reference,Papas,-
NRC2019,351,1,Reference,Papas,-
NRC2019,352,1,Reference,Rogers,-
NRC2019,353,1,Reference,Donkin,-
NRC2019,354,1,Reference,Chow,-
NRC2019,355,1,Reference,Polan,-
NRC2019,356,1,Reference,Overton,-
NRC2019,357,1,Reference,Armentano,-
NRC2019,358,1,Reference,"CHILLIARD et al. Journal of Dairy Research (1997) 64 173-179",-
NRC2019,359,1,Reference,"RULQUIN and  DELABY. 1997  J Dairy  Sci 80:2513–2522",-
NRC2019,360,1,Reference,"OVERTON et al. 1998 J Dairy Sci 81:221–228",-
NRC2019,361,1,Reference,Blum,-
NRC2019,362,1,Reference,Soder,-
NRC2019,363,1,Reference,Kowalski,-
NRC2019,364,1,Reference,Krobe,-
NRC2019,365,1,Reference,Berthiaume,-
NRC2019,366,1,Reference,Pruekvimolphan,-
NRC2019,367,1,Reference,Samuelson,-
NRC2019,368,1,Reference,Pisulewski,-
NRC2019,369,1,Reference,"Kowalski et al. Journal of Animal and Feed Sciences, 12, 2003, 451–464",-
NRC2019,370,1,Reference,"Leonardi et al. Journal of Dairy Science Vol. 86, No. 12, 2003",-
NRC2019,371,1,Reference,Misciattelli,-
NRC2019,372,1,Reference,Girard,-
NRC2019,373,1,Reference,Socha,-
NRC2019,374,1,Reference,Berthiaume,-
NRC2019,375,1,Reference,Lara,-
NRC2019,376,1,Reference,Ruilquin,-
NRC2019,377,1,Reference,Broderick,-
NRC2019,378,1,Reference,Davidson,-
NRC2019,379,1,Reference,Benefield,-
NRC2019,380,1,Reference,"Broderick (deleted by MDH)",-
NRC2019,381,1,Reference,Kudrna,-
NRC2019,382,1,Reference,Ordway,-
NRC2019,383,1,Reference,Preynat,-
NRC2019,384,1,Reference,Ardalan,-
NRC2019,385,1,Reference,Chen,-
NRC2019,386,1,Reference,Arriola,-
NRC2019,387,1,Reference,Giallongo,-
NRC2019,388,1,Reference,Broderick,-
NRC2019,1000,1,Reference,Lapierre,-
NRC2019,389,1,Reference,"Weekes,  Luimes, and Cant",-
NRC2019,2000,1,Reference,"Doepel, Hewage, and Lapierre",-
NRC2019,390,1,Reference,"Doelman, Curtis, Carson, Kim, Metcalf, and Cant",-
NRC2019,391,1,Reference,"Aguilar et al.",-
NRC2019,3000,1,Reference,"Yoder et al.",-
NRC2019,1,1,Year,1989,year
NRC2019,2,1,Year,1990,year
NRC2019,3,1,Year,1991,year
NRC2019,4,1,Year,1991,year
NRC2019,5,1,Year,1991,year
NRC2019,6,1,Year,1991,year
NRC2019,7,1,Year,1993,year
NRC2019,8,1,Year,1995,year
NRC2019,9,1,Year,1996,year
NRC2019,10,1,Year,1997,year
NRC2019,11,1,Year,1997,year
NRC2019,12,1,Year,1997,year
NRC2019,13,1,Year,1997,year
NRC2019,14,1,Year,1997,year
NRC2019,15,1,Year,1997,year
NRC2019,16,1,Year,1997,year
NRC2019,17,1,Year,1997,year
NRC2019,18,1,Year,1997,year
NRC2019,19,1,Year,1997,year
NRC2019,20,1,Year,1997,year
NRC2019,21,1,Year,1997,year
NRC2019,22,1,Year,1997,year
NRC2019,23,1,Year,1997,year
NRC2019,24,1,Year,1996,year
NRC2019,25,1,Year,1996,year
NRC2019,26,1,Year,1996,year
NRC2019,27,1,Year,1996,year
NRC2019,28,1,Year,1995,year
NRC2019,29,1,Year,1995,year
NRC2019,30,1,Year,1995,year
NRC2019,31,1,Year,1994,year
NRC2019,32,1,Year,1994,year
NRC2019,33,1,Year,1994,year
NRC2019,34,1,Year,1994,year
NRC2019,35,1,Year,1991,year
NRC2019,36,1,Year,1994,year
NRC2019,37,1,Year,1987,year
NRC2019,38,1,Year,1991,year
NRC2019,39,1,Year,1991,year
NRC2019,40,1,Year,1991,year
NRC2019,41,1,Year,1991,year
NRC2019,42,1,Year,1992,year
NRC2019,43,1,Year,1992,year
NRC2019,44,1,Year,1992,year
NRC2019,45,1,Year,1992,year
NRC2019,46,1,Year,1992,year
NRC2019,47,1,Year,1993,year
NRC2019,48,1,Year,1993,year
NRC2019,49,1,Year,1993,year
NRC2019,50,1,Year,1993,year
NRC2019,51,1,Year,1993,year
NRC2019,52,1,Year,1993,year
NRC2019,53,1,Year,1993,year
NRC2019,54,1,Year,1992,year
NRC2019,55,1,Year,1991,year
NRC2019,56,1,Year,1988,year
NRC2019,57,1,Year,1990,year
NRC2019,58,1,Year,1988,year
NRC2019,59,1,Year,1981,year
NRC2019,60,1,Year,1981,year
NRC2019,61,1,Year,1981,year
NRC2019,62,1,Year,1985,year
NRC2019,63,1,Year,1986,year
NRC2019,64,1,Year,1979,year
NRC2019,65,1,Year,1985,year
NRC2019,66,1,Year,1985,year
NRC2019,67,1,Year,1988,year
NRC2019,68,1,Year,1983,year
NRC2019,69,1,Year,1984,year
NRC2019,70,1,Year,1986,year
NRC2019,71,1,Year,1983,year
NRC2019,72,1,Year,1983,year
NRC2019,73,1,Year,1984,year
NRC2019,74,1,Year,1985,year
NRC2019,75,1,Year,1985,year
NRC2019,76,1,Year,1986,year
NRC2019,77,1,Year,1987,year
NRC2019,78,1,Year,1988,year
NRC2019,79,1,Year,1988,year
NRC2019,80,1,Year,1989,year
NRC2019,81,1,Year,1989,year
NRC2019,82,1,Year,1989,year
NRC2019,83,1,Year,1990,year
NRC2019,84,1,Year,1990,year
NRC2019,85,1,Year,1991,year
NRC2019,86,1,Year,1992,year
NRC2019,87,1,Year,1993,year
NRC2019,88,1,Year,1994,year
NRC2019,89,1,Year,1996,year
NRC2019,90,1,Year,1994,year
NRC2019,91,1,Year,1979,year
NRC2019,92,1,Year,1990,year
NRC2019,93,1,Year,1990,year
NRC2019,94,1,Year,1990,year
NRC2019,100,1,Year,2008,year
NRC2019,102,1,Year,2012,year
NRC2019,103,1,Year,1999,year
NRC2019,104,1,Year,2002,year
NRC2019,105,1,Year,2013,year
NRC2019,106,1,Year,2009,year
NRC2019,107,1,Year,2008,year
NRC2019,108,1,Year,2010,year
NRC2019,109,1,Year,2012,year
NRC2019,110,1,Year,2014,year
NRC2019,111,1,Year,2009,year
NRC2019,112,1,Year,2012,year
NRC2019,113,1,Year,2014,year
NRC2019,114,1,Year,2007,year
NRC2019,115,1,Year,2007,year
NRC2019,116,1,Year,2006,year
NRC2019,117,1,Year,2002,year
NRC2019,118,1,Year,2005,year
NRC2019,119,1,Year,2005,year
NRC2019,120,1,Year,2003,year
NRC2019,125,1,Year,2003,year
NRC2019,126,1,Year,2003,year
NRC2019,128,1,Year,2003,year
NRC2019,129,1,Year,2003,year
NRC2019,131,1,Year,2004,year
NRC2019,132,1,Year,2002,year
NRC2019,133,1,Year,2000,year
NRC2019,134,1,Year,2002,year
NRC2019,135,1,Year,1996,year
NRC2019,136,1,Year,1999,year
NRC2019,139,1,Year,2007,year
NRC2019,140,1,Year,2007,year
NRC2019,141,1,Year,2006,year
NRC2019,143,1,Year,2006,year
NRC2019,145,1,Year,2002,year
NRC2019,147,1,Year,2002,year
NRC2019,148,1,Year,2007,year
NRC2019,149,1,Year,2000,year
NRC2019,150,1,Year,2000,year
NRC2019,152,1,Year,2014,year
NRC2019,153,1,Year,2009,year
NRC2019,156,1,Year,1999,year
NRC2019,157,1,Year,1997,year
NRC2019,158,1,Year,1997,year
NRC2019,159,1,Year,2003,year
NRC2019,160,1,Year,2004,year
NRC2019,161,1,Year,2005,year
NRC2019,163,1,Year,1997,year
NRC2019,164,1,Year,2004,year
NRC2019,165,1,Year,2003,year
NRC2019,166,1,Year,2003,year
NRC2019,167,1,Year,2005,year
NRC2019,168,1,Year,1998,year
NRC2019,169,1,Year,2000,year
NRC2019,170,1,Year,2003,year
NRC2019,171,1,Year,1998,year
NRC2019,172,1,Year,1999,year
NRC2019,173,1,Year,2005,year
NRC2019,174,1,Year,2004,year
NRC2019,175,1,Year,1998,year
NRC2019,176,1,Year,1999,year
NRC2019,177,1,Year,2006,year
NRC2019,178,1,Year,2008,year
NRC2019,179,1,Year,2006,year
NRC2019,180,1,Year,2001,year
NRC2019,181,1,Year,1997,year
NRC2019,182,1,Year,2012,year
NRC2019,183,1,Year,2005,year
NRC2019,184,1,Year,2002,year
NRC2019,185,1,Year,2002,year
NRC2019,186,1,Year,2014,year
NRC2019,187,1,Year,2007,year
NRC2019,188,1,Year,2000,year
NRC2019,189,1,Year,2005,year
NRC2019,190,1,Year,2004,year
NRC2019,191,1,Year,2000,year
NRC2019,192,1,Year,2015,year
NRC2019,193,1,Year,1996,year
NRC2019,194,1,Year,2012,year
NRC2019,195,1,Year,2012,year
NRC2019,196,1,Year,2012,year
NRC2019,197,1,Year,2012,year
NRC2019,198,1,Year,2012,year
NRC2019,199,1,Year,1998,year
NRC2019,200,1,Year,1999,year
NRC2019,201,1,Year,2002,year
NRC2019,202,1,Year,2005,year
NRC2019,203,1,Year,2005,year
NRC2019,205,1,Year,2012,year
NRC2019,206,1,Year,2004,year
NRC2019,207,1,Year,1998,year
NRC2019,208,1,Year,2004,year
NRC2019,209,1,Year,2015,year
NRC2019,301,1,Year,2006,year
NRC2019,302,1,Year,2006,year
NRC2019,304,1,Year,2009,year
NRC2019,305,1,Year,2013,year
NRC2019,306,1,Year,2015,year
NRC2019,307,1,Year,1992,year
NRC2019,308,1,Year,2014,year
NRC2019,309,1,Year,1993,year
NRC2019,310,1,Year,1996,year
NRC2019,311,1,Year,1994,year
NRC2019,312,1,Year,1997,year
NRC2019,313,1,Year,1996,year
NRC2019,314,1,Year,2004,year
NRC2019,315,1,Year,1994,year
NRC2019,316,1,Year,1989,year
NRC2019,317,1,Year,1991,year
NRC2019,318,1,Year,1991,year
NRC2019,319,1,Year,2002,year
NRC2019,320,1,Year,2016,year
NRC2019,321,1,Year,2016,year
NRC2019,322,1,Year,2004,year
NRC2019,323,1,Year,1997,year
NRC2019,324,1,Year,1998,year
NRC2019,325,1,Year,1996,year
NRC2019,328,1,Year,2010,year
NRC2019,329,1,Year,2006,year
NRC2019,330,1,Year,1995,year
NRC2019,331,1,Year,1996,year
NRC2019,332,1,Year,1999,year
NRC2019,333,1,Year,1999,year
NRC2019,334,1,Year,2000,year
NRC2019,335,1,Year,2010,year
NRC2019,350,1,Year,1984,year
NRC2019,351,1,Year,1984,year
NRC2019,352,1,Year,1987,year
NRC2019,353,1,Year,1988,year
NRC2019,354,1,Year,1990,year
NRC2019,355,1,Year,1991,year
NRC2019,356,1,Year,1996,year
NRC2019,357,1,Year,1997,year
NRC2019,358,1,Year,1997,year
NRC2019,359,1,Year,1997,year
NRC2019,360,1,Year,1998,year
NRC2019,361,1,Year,1999,year
NRC2019,362,1,Year,1999,year
NRC2019,363,1,Year,1999,year
NRC2019,364,1,Year,2000,year
NRC2019,365,1,Year,2001,year
NRC2019,366,1,Year,2001,year
NRC2019,367,1,Year,2001,year
NRC2019,368,1,Year,2002,year
NRC2019,369,1,Year,2003,year
NRC2019,370,1,Year,2003,year
NRC2019,371,1,Year,2003,year
NRC2019,372,1,Year,2005,year
NRC2019,373,1,Year,2005,year
NRC2019,374,1,Year,2006,year
NRC2019,375,1,Year,2006,year
NRC2019,376,1,Year,2006,year
NRC2019,377,1,Year,2008,year
NRC2019,378,1,Year,2008,year
NRC2019,379,1,Year,2009,year
NRC2019,380,1,Year,2009,year
NRC2019,381,1,Year,2009,year
NRC2019,382,1,Year,2009,year
NRC2019,383,1,Year,2009,year
NRC2019,384,1,Year,2010,year
NRC2019,385,1,Year,2011,year
NRC2019,386,1,Year,2014,year
NRC2019,387,1,Year,2016,year
NRC2019,388,1,Year,2009,year
NRC2019,1000,1,Year,2019,year
NRC2019,389,1,Year,2006,year
NRC2019,2000,1,Year,2016,year
NRC2019,390,1,Year,2015,year
NRC2019,391,1,Year,2019,year
NRC2019,3000,1,Year,2019,year
NRC2019,1,1,DataType,"Treatment Means",-
NRC2019,2,1,DataType,"Treatment Means",-
NRC2019,3,1,DataType,"Treatment Means",-
NRC2019,4,1,DataType,"Treatment Means",-
NRC2019,5,1,DataType,"Treatment Means",-
NRC2019,6,1,DataType,"Treatment Means",-
NRC2019,7,1,DataType,"Treatment Means",-
NRC2019,8,1,DataType,"Treatment Means",-
NRC2019,9,1,DataType,"Treatment Means",-
NRC2019,10,1,DataType,"Treatment Means",-
NRC2019,11,1,DataType,"Treatment Means",-
NRC2019,12,1,DataType,"Treatment Means",-
NRC2019,13,1,DataType,"Treatment Means",-
NRC2019,14,1,DataType,"Treatment Means",-
NRC2019,15,1,DataType,"Treatment Means",-
NRC2019,16,1,DataType,"Treatment Means",-
NRC2019,17,1,DataType,"Treatment Means",-
NRC2019,18,1,DataType,"Treatment Means",-
NRC2019,19,1,DataType,"Treatment Means",-
NRC2019,20,1,DataType,"Treatment Means",-
NRC2019,21,1,DataType,"Treatment Means",-
NRC2019,22,1,DataType,"Treatment Means",-
NRC2019,23,1,DataType,"Treatment Means",-
NRC2019,24,1,DataType,"Treatment Means",-
NRC2019,25,1,DataType,"Treatment Means",-
NRC2019,26,1,DataType,"Treatment Means",-
NRC2019,27,1,DataType,"Treatment Means",-
NRC2019,28,1,DataType,"Treatment Means",-
NRC2019,29,1,DataType,"Treatment Means",-
NRC2019,30,1,DataType,"Treatment Means",-
NRC2019,31,1,DataType,"Treatment Means",-
NRC2019,32,1,DataType,"Treatment Means",-
NRC2019,33,1,DataType,"Treatment Means",-
NRC2019,34,1,DataType,"Treatment Means",-
NRC2019,35,1,DataType,"Treatment Means",-
NRC2019,36,1,DataType,"Treatment Means",-
NRC2019,37,1,DataType,"Treatment Means",-
NRC2019,38,1,DataType,"Treatment Means",-
NRC2019,39,1,DataType,"Treatment Means",-
NRC2019,40,1,DataType,"Treatment Means",-
NRC2019,41,1,DataType,"Treatment Means",-
NRC2019,42,1,DataType,"Treatment Means",-
NRC2019,43,1,DataType,"Treatment Means",-
NRC2019,44,1,DataType,"Treatment Means",-
NRC2019,45,1,DataType,"Treatment Means",-
NRC2019,46,1,DataType,"Treatment Means",-
NRC2019,47,1,DataType,"Treatment Means",-
NRC2019,48,1,DataType,"Treatment Means",-
NRC2019,49,1,DataType,"Treatment Means",-
NRC2019,50,1,DataType,"Treatment Means",-
NRC2019,51,1,DataType,"Treatment Means",-
NRC2019,52,1,DataType,"Treatment Means",-
NRC2019,53,1,DataType,"Treatment Means",-
NRC2019,54,1,DataType,"Treatment Means",-
NRC2019,55,1,DataType,"Treatment Means",-
NRC2019,56,1,DataType,"Treatment Means",-
NRC2019,57,1,DataType,"Treatment Means",-
NRC2019,58,1,DataType,"Treatment Means",-
NRC2019,59,1,DataType,"Treatment Means",-
NRC2019,60,1,DataType,"Treatment Means",-
NRC2019,61,1,DataType,"Treatment Means",-
NRC2019,62,1,DataType,"Treatment Means",-
NRC2019,63,1,DataType,"Treatment Means",-
NRC2019,64,1,DataType,"Treatment Means",-
NRC2019,65,1,DataType,"Treatment Means",-
NRC2019,66,1,DataType,"Treatment Means",-
NRC2019,67,1,DataType,"Treatment Means",-
NRC2019,68,1,DataType,"Treatment Means",-
NRC2019,69,1,DataType,"Treatment Means",-
NRC2019,70,1,DataType,"Treatment Means",-
NRC2019,71,1,DataType,"Treatment Means",-
NRC2019,72,1,DataType,"Treatment Means",-
NRC2019,73,1,DataType,"Treatment Means",-
NRC2019,74,1,DataType,"Treatment Means",-
NRC2019,75,1,DataType,"Treatment Means",-
NRC2019,76,1,DataType,"Treatment Means",-
NRC2019,77,1,DataType,"Treatment Means",-
NRC2019,78,1,DataType,"Treatment Means",-
NRC2019,79,1,DataType,"Treatment Means",-
NRC2019,80,1,DataType,"Treatment Means",-
NRC2019,81,1,DataType,"Treatment Means",-
NRC2019,82,1,DataType,"Treatment Means",-
NRC2019,83,1,DataType,"Treatment Means",-
NRC2019,84,1,DataType,"Treatment Means",-
NRC2019,85,1,DataType,"Treatment Means",-
NRC2019,86,1,DataType,"Treatment Means",-
NRC2019,87,1,DataType,"Treatment Means",-
NRC2019,88,1,DataType,"Treatment Means",-
NRC2019,89,1,DataType,"Treatment Means",-
NRC2019,90,1,DataType,"Treatment Means",-
NRC2019,91,1,DataType,"Treatment Means",-
NRC2019,92,1,DataType,"Treatment Means",-
NRC2019,93,1,DataType,"Treatment Means",-
NRC2019,94,1,DataType,"Treatment Means",-
NRC2019,100,1,DataType,"Treatment Means",-
NRC2019,102,1,DataType,"Treatment Means",-
NRC2019,103,1,DataType,"Treatment Means",-
NRC2019,104,1,DataType,"Treatment Means",-
NRC2019,105,1,DataType,"Treatment Means",-
NRC2019,106,1,DataType,"Treatment Means",-
NRC2019,107,1,DataType,"Treatment Means",-
NRC2019,108,1,DataType,"Treatment Means",-
NRC2019,109,1,DataType,"Treatment Means",-
NRC2019,110,1,DataType,"Treatment Means",-
NRC2019,111,1,DataType,"Treatment Means",-
NRC2019,112,1,DataType,"Treatment Means",-
NRC2019,113,1,DataType,"Treatment Means",-
NRC2019,114,1,DataType,"Treatment Means",-
NRC2019,115,1,DataType,"Treatment Means",-
NRC2019,116,1,DataType,"Treatment Means",-
NRC2019,117,1,DataType,"Treatment Means",-
NRC2019,118,1,DataType,"Treatment Means",-
NRC2019,119,1,DataType,"Treatment Means",-
NRC2019,120,1,DataType,"Treatment Means",-
NRC2019,125,1,DataType,"Treatment Means",-
NRC2019,126,1,DataType,"Treatment Means",-
NRC2019,128,1,DataType,"Treatment Means",-
NRC2019,129,1,DataType,"Treatment Means",-
NRC2019,131,1,DataType,"Treatment Means",-
NRC2019,132,1,DataType,"Treatment Means",-
NRC2019,133,1,DataType,"Treatment Means",-
NRC2019,134,1,DataType,"Treatment Means",-
NRC2019,135,1,DataType,"Treatment Means",-
NRC2019,136,1,DataType,"Treatment Means",-
NRC2019,139,1,DataType,"Treatment Means",-
NRC2019,140,1,DataType,"Treatment Means",-
NRC2019,141,1,DataType,"Treatment Means",-
NRC2019,143,1,DataType,"Treatment Means",-
NRC2019,145,1,DataType,"Treatment Means",-
NRC2019,147,1,DataType,"Treatment Means",-
NRC2019,148,1,DataType,"Treatment Means",-
NRC2019,149,1,DataType,"Treatment Means",-
NRC2019,150,1,DataType,"Treatment Means",-
NRC2019,152,1,DataType,"Treatment Means",-
NRC2019,153,1,DataType,"Treatment Means",-
NRC2019,156,1,DataType,"Treatment Means",-
NRC2019,157,1,DataType,"Treatment Means",-
NRC2019,158,1,DataType,"Treatment Means",-
NRC2019,159,1,DataType,"Treatment Means",-
NRC2019,160,1,DataType,"Treatment Means",-
NRC2019,161,1,DataType,"Treatment Means",-
NRC2019,163,1,DataType,"Treatment Means",-
NRC2019,164,1,DataType,"Treatment Means",-
NRC2019,165,1,DataType,"Treatment Means",-
NRC2019,166,1,DataType,"Treatment Means",-
NRC2019,167,1,DataType,"Treatment Means",-
NRC2019,168,1,DataType,"Treatment Means",-
NRC2019,169,1,DataType,"Treatment Means",-
NRC2019,170,1,DataType,"Treatment Means",-
NRC2019,171,1,DataType,"Treatment Means",-
NRC2019,172,1,DataType,"Treatment Means",-
NRC2019,173,1,DataType,"Treatment Means",-
NRC2019,174,1,DataType,"Treatment Means",-
NRC2019,175,1,DataType,"Treatment Means",-
NRC2019,176,1,DataType,"Treatment Means",-
NRC2019,177,1,DataType,"Treatment Means",-
NRC2019,178,1,DataType,"Treatment Means",-
NRC2019,179,1,DataType,"Treatment Means",-
NRC2019,180,1,DataType,"Treatment Means",-
NRC2019,181,1,DataType,"Treatment Means",-
NRC2019,182,1,DataType,"Treatment Means",-
NRC2019,183,1,DataType,"Treatment Means",-
NRC2019,184,1,DataType,"Treatment Means",-
NRC2019,185,1,DataType,"Treatment Means",-
NRC2019,186,1,DataType,"Treatment Means",-
NRC2019,187,1,DataType,"Treatment Means",-
NRC2019,188,1,DataType,"Treatment Means",-
NRC2019,189,1,DataType,"Treatment Means",-
NRC2019,190,1,DataType,"Treatment Means",-
NRC2019,191,1,DataType,"Treatment Means",-
NRC2019,192,1,DataType,"Treatment Means",-
NRC2019,193,1,DataType,"Treatment Means",-
NRC2019,194,1,DataType,"Treatment Means",-
NRC2019,195,1,DataType,"Treatment Means",-
NRC2019,196,1,DataType,"Treatment Means",-
NRC2019,197,1,DataType,"Treatment Means",-
NRC2019,198,1,DataType,"Treatment Means",-
NRC2019,199,1,DataType,"Treatment Means",-
NRC2019,200,1,DataType,"Treatment Means",-
NRC2019,201,1,DataType,"Treatment Means",-
NRC2019,202,1,DataType,"Treatment Means",-
NRC2019,203,1,DataType,"Treatment Means",-
NRC2019,205,1,DataType,"Treatment Means",-
NRC2019,206,1,DataType,"Treatment Means",-
NRC2019,207,1,DataType,"Treatment Means",-
NRC2019,208,1,DataType,"Treatment Means",-
NRC2019,209,1,DataType,"Treatment Means",-
NRC2019,301,1,DataType,"Treatment Means",-
NRC2019,302,1,DataType,"Treatment Means",-
NRC2019,304,1,DataType,"Treatment Means",-
NRC2019,305,1,DataType,"Treatment Means",-
NRC2019,306,1,DataType,"Treatment Means",-
NRC2019,307,1,DataType,"Treatment Means",-
NRC2019,308,1,DataType,"Treatment Means",-
NRC2019,309,1,DataType,"Treatment Means",-
NRC2019,310,1,DataType,"Treatment Means",-
NRC2019,311,1,DataType,"Treatment Means",-
NRC2019,312,1,DataType,"Treatment Means",-
NRC2019,313,1,DataType,"Treatment Means",-
NRC2019,314,1,DataType,"Treatment Means",-
NRC2019,315,1,DataType,"Treatment Means",-
NRC2019,316,1,DataType,"Treatment Means",-
NRC2019,317,1,DataType,"Treatment Means",-
NRC2019,318,1,DataType,"Treatment Means",-
NRC2019,319,1,DataType,"Treatment Means",-
NRC2019,320,1,DataType,"Treatment Means",-
NRC2019,321,1,DataType,"Treatment Means",-
NRC2019,322,1,DataType,"Treatment Means",-
NRC2019,323,1,DataType,"Treatment Means",-
NRC2019,324,1,DataType,"Treatment Means",-
NRC2019,325,1,DataType,"Treatment Means",-
NRC2019,328,1,DataType,"Treatment Means",-
NRC2019,329,1,DataType,"Treatment Means",-
NRC2019,330,1,DataType,"Treatment Means",-
NRC2019,331,1,DataType,"Treatment Means",-
NRC2019,332,1,DataType,"Treatment Means",-
NRC2019,333,1,DataType,"Treatment Means",-
NRC2019,334,1,DataType,"Treatment Means",-
NRC2019,335,1,DataType,"Treatment Means",-
NRC2019,350,1,DataType,"Treatment Means",-
NRC2019,351,1,DataType,"Treatment Means",-
NRC2019,352,1,DataType,"Treatment Means",-
NRC2019,353,1,DataType,"Treatment Means",-
NRC2019,354,1,DataType,"Treatment Means",-
NRC2019,355,1,DataType,"Treatment Means",-
NRC2019,356,1,DataType,"Treatment Means",-
NRC2019,357,1,DataType,"Treatment Means",-
NRC2019,358,1,DataType,"Treatment Means",-
NRC2019,359,1,DataType,"Treatment Means",-
NRC2019,360,1,DataType,"Treatment Means",-
NRC2019,361,1,DataType,"Treatment Means",-
NRC2019,362,1,DataType,"Treatment Means",-
NRC2019,363,1,DataType,"Treatment Means",-
NRC2019,364,1,DataType,"Treatment Means",-
NRC2019,365,1,DataType,"Treatment Means",-
NRC2019,366,1,DataType,"Treatment Means",-
NRC2019,367,1,DataType,"Treatment Means",-
NRC2019,368,1,DataType,"Treatment Means",-
NRC2019,369,1,DataType,"Treatment Means",-
NRC2019,370,1,DataType,"Treatment Means",-
NRC2019,371,1,DataType,"Treatment Means",-
NRC2019,372,1,DataType,"Treatment Means",-
NRC2019,373,1,DataType,"Treatment Means",-
NRC2019,374,1,DataType,"Treatment Means",-
NRC2019,375,1,DataType,"Treatment Means",-
NRC2019,376,1,DataType,"Treatment Means",-
NRC2019,377,1,DataType,"Treatment Means",-
NRC2019,378,1,DataType,"Treatment Means",-
NRC2019,379,1,DataType,"Treatment Means",-
NRC2019,380,1,DataType,"Treatment Means",-
NRC2019,381,1,DataType,"Treatment Means",-
NRC2019,382,1,DataType,"Treatment Means",-
NRC2019,383,1,DataType,"Treatment Means",-
NRC2019,384,1,DataType,"Treatment Means",-
NRC2019,385,1,DataType,"Treatment Means",-
NRC2019,386,1,DataType,"Treatment Means",-
NRC2019,387,1,DataType,"Treatment Means",-
NRC2019,388,1,DataType,"Treatment Means",-
NRC2019,1000,1,DataType,"Treatment Means",-
NRC2019,389,1,DataType,"Treatment Means",-
NRC2019,2000,1,DataType,"Treatment Means",-
NRC2019,390,1,DataType,"Treatment Means",-
NRC2019,391,1,DataType,"Treatment Means",-
NRC2019,3000,1,DataType,"Treatment Means",-
NRC2019,1,1,Location,Illinois,-
NRC2019,2,1,Location,Illinois,-
NRC2019,3,1,Location,Illinois,-
NRC2019,4,1,Location,Illinois,-
NRC2019,5,1,Location,Illinois,-
NRC2019,6,1,Location,Illinois,-
NRC2019,7,1,Location,Illinois,-
NRC2019,8,1,Location,Illinois,-
NRC2019,9,1,Location,Illinois,-
NRC2019,10,1,Location,Penn,-
NRC2019,11,1,Location,SIU,-
NRC2019,12,1,Location,Hebrew,-
NRC2019,13,1,Location,Ireland,-
NRC2019,14,1,Location,Lethbridge,-
NRC2019,15,1,Location,UCDavis,-
NRC2019,16,1,Location,Maryland,-
NRC2019,17,1,Location,Maryland,-
NRC2019,18,1,Location,Ohio,-
NRC2019,19,1,Location,Denmark,-
NRC2019,20,1,Location,Washington,-
NRC2019,21,1,Location,UCDavis,-
NRC2019,22,1,Location,NH,-
NRC2019,23,1,Location,Arizona,-
NRC2019,24,1,Location,Hebrew,-
NRC2019,25,1,Location,Alberta,-
NRC2019,26,1,Location,Purdue,-
NRC2019,27,1,Location,Minnesota,-
NRC2019,28,1,Location,Ohio,-
NRC2019,29,1,Location,,-
NRC2019,30,1,Location,Arizona,-
NRC2019,31,1,Location,SouthAfrica,-
NRC2019,32,1,Location,Purdue,-
NRC2019,33,1,Location,PennST,-
NRC2019,34,1,Location,France,-
NRC2019,35,1,Location,,-
NRC2019,36,1,Location,France,-
NRC2019,37,1,Location,Sweden,-
NRC2019,38,1,Location,Ohio,-
NRC2019,39,1,Location,France,-
NRC2019,40,1,Location,Ohio,-
NRC2019,41,1,Location,Alberta,-
NRC2019,42,1,Location,Belgium,-
NRC2019,43,1,Location,Netherlands,-
NRC2019,44,1,Location,VPI,-
NRC2019,45,1,Location,SouthAfrica,-
NRC2019,46,1,Location,NH,-
NRC2019,47,1,Location,Ohio,-
NRC2019,48,1,Location,PennST,-
NRC2019,49,1,Location,WVA,-
NRC2019,50,1,Location,Ohio,-
NRC2019,51,1,Location,Arizona,-
NRC2019,52,1,Location,Purdue,-
NRC2019,53,1,Location,Alberta,-
NRC2019,54,1,Location,,-
NRC2019,55,1,Location,,-
NRC2019,56,1,Location,Wisconsin,-
NRC2019,57,1,Location,Canada,-
NRC2019,58,1,Location,Netherlands,-
NRC2019,59,1,Location,Netherlands,-
NRC2019,60,1,Location,Netherlands,-
NRC2019,61,1,Location,Netherlands,-
NRC2019,62,1,Location,Denmark,-
NRC2019,63,1,Location,Denmark,-
NRC2019,64,1,Location,England,-
NRC2019,65,1,Location,Wisconsin,-
NRC2019,66,1,Location,Cornell,-
NRC2019,67,1,Location,Wisconsin,-
NRC2019,68,1,Location,Wisconsin,-
NRC2019,69,1,Location,Wisconsin,-
NRC2019,70,1,Location,Wisconsin,-
NRC2019,71,1,Location,Wisconsin,-
NRC2019,72,1,Location,,-
NRC2019,73,1,Location,Wisconsin,-
NRC2019,74,1,Location,Wisconsin,-
NRC2019,75,1,Location,Cornell,-
NRC2019,76,1,Location,VPI,-
NRC2019,77,1,Location,Wisconsin,-
NRC2019,78,1,Location,VPI,-
NRC2019,79,1,Location,Minnesota,-
NRC2019,80,1,Location,Minnesota,-
NRC2019,81,1,Location,Belgium,-
NRC2019,82,1,Location,Alberta,-
NRC2019,83,1,Location,Arizona,-
NRC2019,84,1,Location,Arizona,-
NRC2019,85,1,Location,WVA,-
NRC2019,86,1,Location,NH,-
NRC2019,87,1,Location,Minnesota,-
NRC2019,88,1,Location,Ohio,-
NRC2019,89,1,Location,Alberta,-
NRC2019,90,1,Location,Purdue,-
NRC2019,91,1,Location,Netherlands,-
NRC2019,92,1,Location,Arizona,-
NRC2019,93,1,Location,Arizona,-
NRC2019,94,1,Location,Arizona,-
NRC2019,100,1,Location,Michigan,-
NRC2019,102,1,Location,Canada,-
NRC2019,103,1,Location,Finland,-
NRC2019,104,1,Location,Finland,-
NRC2019,105,1,Location,Canada,-
NRC2019,106,1,Location,Canada,-
NRC2019,107,1,Location,Wisconsin,-
NRC2019,108,1,Location,Finland,-
NRC2019,109,1,Location,Wisconsin,-
NRC2019,110,1,Location,Finland,-
NRC2019,111,1,Location,Wisconsin,-
NRC2019,112,1,Location,Canada,-
NRC2019,113,1,Location,Wisconsin,-
NRC2019,114,1,Location,Wisconsin,-
NRC2019,115,1,Location,Wisconsin,-
NRC2019,116,1,Location,Finland,-
NRC2019,117,1,Location,Finland,-
NRC2019,118,1,Location,Finland,-
NRC2019,119,1,Location,Wisconsin,-
NRC2019,120,1,Location,Wisconsin,-
NRC2019,125,1,Location,Michigan,-
NRC2019,126,1,Location,Michigan,-
NRC2019,128,1,Location,Michigan,-
NRC2019,129,1,Location,Michigan,-
NRC2019,131,1,Location,Ohio,-
NRC2019,132,1,Location,Illinois,-
NRC2019,133,1,Location,Canada,-
NRC2019,134,1,Location,Ohio,-
NRC2019,135,1,Location,Mexico,-
NRC2019,136,1,Location,Ohio,-
NRC2019,139,1,Location,Wisconsin,-
NRC2019,140,1,Location,Wisconsin,-
NRC2019,141,1,Location,Wisconsin,-
NRC2019,143,1,Location,Wisconsin,-
NRC2019,145,1,Location,Finland,-
NRC2019,147,1,Location,Finland,-
NRC2019,148,1,Location,Wisconsin,-
NRC2019,149,1,Location,Michigan,-
NRC2019,150,1,Location,Michigan,-
NRC2019,152,1,Location,France,-
NRC2019,153,1,Location,Finland,-
NRC2019,156,1,Location,Norway,-
NRC2019,157,1,Location,France,-
NRC2019,158,1,Location,Purdue,-
NRC2019,159,1,Location,France,-
NRC2019,160,1,Location,Georgia,-
NRC2019,161,1,Location,Illinois,-
NRC2019,163,1,Location,Canada,-
NRC2019,164,1,Location,Canada,-
NRC2019,165,1,Location,U.K.,-
NRC2019,166,1,Location,U.K.,-
NRC2019,167,1,Location,Illinois,-
NRC2019,168,1,Location,Ireland,-
NRC2019,169,1,Location,Ohio,-
NRC2019,170,1,Location,Idaho,-
NRC2019,171,1,Location,Maryland,-
NRC2019,172,1,Location,Canada,-
NRC2019,173,1,Location,Canada,-
NRC2019,174,1,Location,Mexico,-
NRC2019,175,1,Location,Ohio,-
NRC2019,176,1,Location,Netherlands,-
NRC2019,177,1,Location,Finland,-
NRC2019,178,1,Location,Idaho,-
NRC2019,179,1,Location,Idaho,-
NRC2019,180,1,Location,Maryland,-
NRC2019,181,1,Location,Arizona,-
NRC2019,182,1,Location,Ohio,-
NRC2019,183,1,Location,Ohio,-
NRC2019,184,1,Location,Finland,-
NRC2019,185,1,Location,Finland,-
NRC2019,186,1,Location,Nebraska,-
NRC2019,187,1,Location,Illinois,-
NRC2019,188,1,Location,Finland,-
NRC2019,189,1,Location,Idaho,-
NRC2019,190,1,Location,Idaho,-
NRC2019,191,1,Location,UK,-
NRC2019,192,1,Location,Sweden,-
NRC2019,193,1,Location,Wisconsin,-
NRC2019,194,1,Location,Michigan,-
NRC2019,195,1,Location,Michigan,-
NRC2019,196,1,Location,Michigan,-
NRC2019,197,1,Location,Michigan,-
NRC2019,198,1,Location,Michigan,-
NRC2019,199,1,Location,California,-
NRC2019,200,1,Location,Alberta,-
NRC2019,201,1,Location,Alberta,-
NRC2019,202,1,Location,Michigan,-
NRC2019,203,1,Location,Michigan,-
NRC2019,205,1,Location,Michigan,-
NRC2019,206,1,Location,France,-
NRC2019,207,1,Location,Denmark,-
NRC2019,208,1,Location,France,-
NRC2019,209,1,Location,Wisconsin,-
NRC2019,301,1,Location,Michigan,-
NRC2019,302,1,Location,Michigan,-
NRC2019,304,1,Location,Netherlands,-
NRC2019,305,1,Location,"East Lansing",-
NRC2019,306,1,Location,"East Lansing",-
NRC2019,307,1,Location,Denmark,-
NRC2019,308,1,Location,Pennsylvania,-
NRC2019,309,1,Location,Illinois,-
NRC2019,310,1,Location,Ohio,-
NRC2019,311,1,Location,Indiana,-
NRC2019,312,1,Location,France,-
NRC2019,313,1,Location,Illinois,-
NRC2019,314,1,Location,Ohio,-
NRC2019,315,1,Location,Illinois,-
NRC2019,316,1,Location,"South Carolina",-
NRC2019,317,1,Location,Ohio,-
NRC2019,318,1,Location,Ohio,-
NRC2019,319,1,Location,Virginia,-
NRC2019,320,1,Location,Michigan,-
NRC2019,321,1,Location,Michigan,-
NRC2019,322,1,Location,France,-
NRC2019,323,1,Location,Arizona,-
NRC2019,324,1,Location,Arizona,-
NRC2019,325,1,Location,Ohio,-
NRC2019,328,1,Location,Virginia,-
NRC2019,329,1,Location,Wisconsin,-
NRC2019,330,1,Location,France,-
NRC2019,331,1,Location,France,-
NRC2019,332,1,Location,Finland,-
NRC2019,333,1,Location,Finland,-
NRC2019,334,1,Location,,-
NRC2019,335,1,Location,Virginia,-
NRC2019,350,1,Location,,-
NRC2019,351,1,Location,,-
NRC2019,352,1,Location,,-
NRC2019,353,1,Location,,-
NRC2019,354,1,Location,California,-
NRC2019,355,1,Location,Virginia,-
NRC2019,356,1,Location,,-
NRC2019,357,1,Location,Wisconsin,-
NRC2019,358,1,Location,France,-
NRC2019,359,1,Location,France,-
NRC2019,360,1,Location,Illinois,-
NRC2019,361,1,Location,Switzerland,-
NRC2019,362,1,Location,Pennsylvania,-
NRC2019,363,1,Location,Poland,-
NRC2019,364,1,Location,Switzerland,-
NRC2019,365,1,Location,Canada,-
NRC2019,366,1,Location,Wisconsin,-
NRC2019,367,1,Location,Arizona,-
NRC2019,368,1,Location,Poland,-
NRC2019,369,1,Location,Poland,-
NRC2019,370,1,Location,Wisconsin,-
NRC2019,371,1,Location,Denmark,-
NRC2019,372,1,Location,Quebec,-
NRC2019,373,1,Location,"New Hampshire",-
NRC2019,374,1,Location,Quebec,-
NRC2019,375,1,Location,Mexico,-
NRC2019,376,1,Location,France,-
NRC2019,377,1,Location,Wisconsin,-
NRC2019,378,1,Location,"North Carolina",-
NRC2019,379,1,Location,"New York",-
NRC2019,380,1,Location,,-
NRC2019,381,1,Location,"Czech Republic",-
NRC2019,382,1,Location,"New Hampshire",-
NRC2019,383,1,Location,Quebec,-
NRC2019,384,1,Location,Iran,-
NRC2019,385,1,Location,Wisconsin,-
NRC2019,386,1,Location,Virginia,-
NRC2019,387,1,Location,,-
NRC2019,388,1,Location,,-
NRC2019,1000,1,Location,Quebec,-
NRC2019,389,1,Location,Guelph,-
NRC2019,2000,1,Location,Alberta,-
NRC2019,390,1,Location,Guelph,-
NRC2019,391,1,Location,Virginia,-
NRC2019,3000,1,Location,Virginia,-
"Metagenomic - Meng Li 2018",1,1,Availability,"Not published",-
"Metagenomic - Meng Li 2018",1,1,Reference,"Mengli et al. Virginia Tech, Department Dairy Science",-
"Metagenomic - Meng Li 2018",1,1,Year,2018,year
"Metagenomic - Meng Li 2018",1,1,DataType,"Individual data",-
"Metagenomic - Meng Li 2018",1,1,Location,"Blacksburg VA",-
"Teixeira 2018",1,1,Availability,"Not published",-
"Teixeira 2018",1,1,Reference,"Teixeira et al. Virginia Tech, Department Dairy Science",-
"Teixeira 2018",1,1,Year,2018,year
"Teixeira 2018",1,1,DataType,"Individual data",-
"Teixeira 2018",1,1,Location,"Blacksburg VA",-
"Hackmann 2018",1,1,Availability,"Not published",-
"Hackmann 2018",2,1,Availability,"Not published",-
"Hackmann 2018",3,1,Availability,"Not published",-
"Hackmann 2018",4,1,Availability,"Not published",-
"Hackmann 2018",5,1,Availability,"Not published",-
"Hackmann 2018",6,1,Availability,"Not published",-
"Hackmann 2018",7,1,Availability,"Not published",-
"Hackmann 2018",8,1,Availability,"Not published",-
"Hackmann 2018",9,1,Availability,"Not published",-
"Hackmann 2018",10,1,Availability,"Not published",-
"Hackmann 2018",11,1,Availability,"Not published",-
"Hackmann 2018",12,1,Availability,"Not published",-
"Hackmann 2018",13,1,Availability,"Not published",-
"Hackmann 2018",1,1,Reference,"Tajima et al., 2001. Appl Environ Microbiol. 67:2766-2774",-
"Hackmann 2018",2,1,Reference,"Koike and Kobayashi et al., 2001. FEMS Microbiol Lett. 204:361-366",-
"Hackmann 2018",3,1,Reference,"Ouwenkerk et al., 2002. J Appl Microbiol. 92:753-758",-
"Hackmann 2018",4,1,Reference,"Klieve et al. 2003., J Appl Microbiol. 95:621-630",-
"Hackmann 2018",5,1,Reference,"Sylvester et al., 2005. J Dairy Sci. 88:2083-2095",-
"Hackmann 2018",6,1,Reference,"Denman and McSweeney, 2006. FEMS Microbiol Ecol. 58:572-582",-
"Hackmann 2018",7,1,Reference,"Ozutsumi et al. 2006. Curr Microbiol. 52:158-162",-
"Hackmann 2018",8,1,Reference,"Stevenson and Weimer, 2007. Appl Microbiol Biotechnol. 75:165-174",-
"Hackmann 2018",9,1,Reference,"Mosoni et al., 2007. J Appl Microbiol. 103:2676-2685",-
"Hackmann 2018",10,1,Reference,"Weimer et al., 2008. Appl Microbiol Biotechnol. 80:135-145",-
"Hackmann 2018",11,1,Reference,"Stiverson et al., 2011. Int J Microbiol. 2011:750613",-
"Hackmann 2018",12,1,Reference,"Jami and Mizrahi. 2012. PLoS ONE. 7:e33306",-
"Hackmann 2018",13,1,Reference,"Jiang et al. 2017. J Dairy Sci. 100:325-342",-
"Hackmann 2018",1,1,Year,2001,year
"Hackmann 2018",2,1,Year,2001,year
"Hackmann 2018",3,1,Year,2002,year
"Hackmann 2018",4,1,Year,2003,year
"Hackmann 2018",5,1,Year,2005,year
"Hackmann 2018",6,1,Year,2006,year
"Hackmann 2018",7,1,Year,2006,year
"Hackmann 2018",8,1,Year,2007,year
"Hackmann 2018",9,1,Year,2007,year
"Hackmann 2018",10,1,Year,2008,year
"Hackmann 2018",11,1,Year,2011,year
"Hackmann 2018",12,1,Year,2012,year
"Hackmann 2018",13,1,Year,2017,year
"Hackmann 2018",1,1,DataType,"Treatment Means",-
"Hackmann 2018",2,1,DataType,"Treatment Means",-
"Hackmann 2018",3,1,DataType,"Treatment Means",-
"Hackmann 2018",4,1,DataType,"Treatment Means",-
"Hackmann 2018",5,1,DataType,"Treatment Means",-
"Hackmann 2018",6,1,DataType,"Treatment Means",-
"Hackmann 2018",7,1,DataType,"Treatment Means",-
"Hackmann 2018",8,1,DataType,"Treatment Means",-
"Hackmann 2018",9,1,DataType,"Treatment Means",-
"Hackmann 2018",10,1,DataType,"Treatment Means",-
"Hackmann 2018",11,1,DataType,"Treatment Means",-
"Hackmann 2018",12,1,DataType,"Treatment Means",-
"Hackmann 2018",13,1,DataType,"Treatment Means",-
"Hackmann 2018",1,1,Location,Japan,-
"Hackmann 2018",2,1,Location,Japan,-
"Hackmann 2018",3,1,Location,Australia,-
"Hackmann 2018",4,1,Location,Australia,-
"Hackmann 2018",5,1,Location,Ohio,-
"Hackmann 2018",6,1,Location,Australia,-
"Hackmann 2018",7,1,Location,Japan,-
"Hackmann 2018",8,1,Location,Wisconsin,-
"Hackmann 2018",9,1,Location,France,-
"Hackmann 2018",10,1,Location,Wisconsin,-
"Hackmann 2018",11,1,Location,Ohio,-
"Hackmann 2018",12,1,Location,Israel,-
"Hackmann 2018",13,1,Location,Florida,-
"Test Data 2018",17,98,TestVar,1700,%
